{"56.84323,-6.25695": 1223, "56.81436,-6.17988": 14, "56.83228,-6.18188": 28, "56.8,-6.2": 66, "56.84,-6.26": 13, "56.83118,-6.21457": 785, "56.84687,-6.28198": 714, "56.86356,-6.20098": 4, "56.83532,-6.211881": 10, "56.83,-6.24": 12, "56.8337,-6.200434": 20, "56.825928094275,-6.22429601402816": 21, "56.85153,-6.198283": 1, "56.80256,-6.2129": 1, "56.84434,-6.22426": 57, "56.87738,-6.232483": 1, "56.82499,-6.2015": 1, "56.87777,-6.261583": 1, "56.81528,-6.205699": 1, "56.83483,-6.23959": 391, "56.86983,-6.244783": 1, "56.86988,-6.26735": 1, "56.84328,-6.179334": 1, "56.84,-6.24": 14, "56.847204,-6.240624": 1, "56.86377,-6.250334": 1, "56.84,-6.22": 14, "56.83007,-6.24725": 604, "56.87627029,-6.223133564": 1, "56.82418,-6.200616": 1, "56.84799,-6.24929": 815, "56.794,-6.212183": 1, "56.8231,-6.2356": 2, "56.8649,-6.2106": 1, "56.87012,-6.254517": 1, "56.868,-6.2019": 1, "56.87225,-6.253367": 1, "56.8665,-6.22955": 1, "56.83747,-6.20133": 1, "56.84632,-6.20561": 1, "56.8769,-6.2565": 1, "56.83374786,-6.156816483": 1, "56.87982,-6.25208": 1, "56.8708,-6.26805": 1, "56.86848,-6.2246": 1, "56.87814,-6.24861": 1, "56.84267,-6.2733": 177, "56.83,-6.26": 4, "56.83586,-6.22248": 2, "56.8266584199725,-6.24197866495766": 3, "56.8328981354769,-6.22481967350871": 9, "56.8414151936714,-6.25310240293931": 6, "56.8257944541585,-6.22478941966359": 6, "56.83152,-6.181317": 1, "56.82615,-6.195084": 1, "56.81528,-6.192483": 1, "56.82355,-6.194267": 1, "56.82250214,-6.212599754": 1, "56.869,-6.275316": 1, "56.8268,-6.20895": 1, "56.81733322,-6.286283493": 1, "56.83083344,-6.224433422": 1, "56.8152504,-6.255133152": 1, "56.84888,-6.258067": 1, "56.8504,-6.195617": 1, "56.83051682,-6.224183083": 1, "56.85299,-6.299334": 1, "56.83,-6.21": 2, "56.83538,-6.22325": 289, "56.84379,-6.2406": 141, "56.83955,-6.21961": 2, "56.82895,-6.27993": 308, "56.83055,-6.24649": 2, "56.8491,-6.21659": 401, "56.84465,-6.22839": 3, "56.82741,-6.23301": 8, "56.83502866,-6.238528244": 1, "56.828382,-6.2175352": 1, "56.83402,-6.25016": 1, "56.85163,-6.27432": 271, "56.84735,-6.28122": 1, "56.8357578,-6.243533474": 1, "56.83284707,-6.249766789": 1, "56.82562,-6.23281": 3, "56.83368065,-6.225249262": 1, "56.82531,-6.25491": 5, "56.84001,-6.25905": 2, "56.85764,-6.232174": 66, "56.83383,-6.211926": 48, "56.852718,-6.202734": 1, "56.82707,-6.21657": 18, "56.812099,-6.197199": 1, "56.860909,-6.21": 1, "56.838,-6.26538": 1, "56.83615,-6.26681": 2, "56.84073,-6.2378": 1, "56.800833,-6.198056": 1, "56.851002,-6.20191": 1, "56.84214,-6.24944": 3, "56.85533,-6.22075": 1, "56.8312,-6.18875": 1, "56.8432,-6.24464": 1, "56.84761429,-6.20634985": 1, "56.848409,-6.1836847": 1, "56.87972,-6.231866": 1, "56.86338,-6.17961": 1, "56.8437,-6.22993": 1, "56.84063339,-6.201449394": 1, "56.83295,-6.22871": 1, "56.8255,-6.18958": 1, "56.83211,-6.22698": 1, "56.8,-6.197778": 1, "56.8323113792345,-6.21771562682106": 2, "56.838421,-6.192766": 1, "56.81099,-6.1958": 1, "56.800144,-6.200033": 1, "56.807499,-6.1993": 1, "56.852581,-6.203467": 1, "56.82898,-6.23975": 1, "56.852699,-6.203917": 1, "56.85,-6.2": 4, "56.84359,-6.25945": 1, "56.85172,-6.19245": 1, "56.877003,-6.232634": 1, "56.84012,-6.25578": 1, "56.81694,-6.194633": 1, "56.83396,-6.2518": 1, "56.798382,-6.20355": 1, "56.87838,-6.226099": 1, "56.841301,-6.195066": 1, "56.85759,-6.2071": 1, "56.85352,-6.208433": 1, "56.87893,-6.240834": 1, "56.8,-6.198056": 3, "56.879166,-6.2335": 1, "56.808998,-6.1987": 1, "56.83514,-6.26998": 1, "56.84068,-6.26569": 1, "56.83889,-6.26548": 1, "56.823971,-6.19055": 1, "56.819801,-6.1929": 1, "56.86195,-6.189166": 1, "56.800056,-6.250042": 1, "56.800261,-6.216842": 1, "56.820801,-6.192367": 1, "56.802479,-6.20165": 1, "56.84057,-6.2427": 18, "56.83609,-6.24219": 22, "56.83427,-6.25593": 266, "56.83371,-6.27228": 192, "56.83424,-6.24362": 14, "56.84471,-6.22676": 13, "56.83821,-6.23259": 16, "56.83698,-6.21604": 14, "56.83928,-6.25404": 2, "56.8405,-6.21808": 13, "56.82466,-6.23434": 3, "56.83648,-6.23075": 12, "56.83536,-6.26344": 4, "56.83485,-6.22565": 3, "56.83435,-6.24036": 2, "56.84113,-6.25261": 3, "56.8362,-6.23892": 1, "56.84135,-6.24607": 1, "56.83289,-6.23035": 2, "56.83866,-6.24577": 1, "56.84219,-6.24781": 1, "56.83649,-6.27136": 1, "56.83228,-6.22207": 1, "56.84085,-6.26078": 6, "56.83058,-6.27299": 1, "56.85667,-6.251616": 1, "56.86336,-6.19357": 1, "56.81948,-6.254783": 1, "56.80606,-6.266517": 1, "56.8253,-6.23285": 1, "56.8134,-6.22865": 1, "56.859,-6.214": 1, "56.828,-6.26432": 1, "56.82,-6.269": 1, "56.817,-6.27": 1, "56.83544,-6.27042": 1, "56.84157,-6.21976": 1, "56.84033,-6.25621": 1, "56.84471,-6.26245": 1, "56.83323,-6.24679": 1, "56.84261,-6.22349": 1, "56.84128,-6.24943": 2, "56.84137,-6.25206": 1, "56.850278,-6.199167": 1, "56.850167,-6.233727": 1, "56.82768,-6.22886": 1, "56.8663,-6.251501": 1, "56.81864,-6.190317": 1, "56.83237,-6.22857": 1, "56.83594,-6.2069": 30, "56.81207,-6.243217": 1, "56.83359,-6.25364": 1, "56.83655,-6.23002": 2, "56.84664,-6.256911": 1, "56.85935,-6.2006": 1, "56.86482,-6.251966": 1, "56.85,-6.233565": 1, "56.83562,-6.27028": 1, "56.83648,-6.257": 1, "56.8294,-6.27088": 1, "56.8168,-6.199833": 1, "56.7927,-6.267517": 1, "56.83924,-6.23295": 1, "56.82675,-6.2404": 1, "56.83896,-6.26213": 1, "56.83397,-6.24761": 2, "56.83971,-6.26385": 1, "56.82809,-6.23005": 1, "56.83067,-6.273": 1, "56.8404,-6.2476": 1, "56.83992,-6.26814": 1, "56.81816,-6.245317": 1, "56.84822,-6.24384": 1, "56.83606,-6.27066": 1, "56.84014,-6.25143": 2, "56.84037,-6.26573": 1, "56.7954,-6.2543": 1, "56.83441,-6.23872": 10, "56.837,-6.205": 2, "56.84031,-6.23307": 1, "56.82913,-6.27069": 1, "56.83594,-6.27163": 1, "56.81244,-6.234884": 1, "56.839,-6.205": 1, "56.82989,-6.27241": 1, "56.83877,-6.21747": 1, "56.83252,-6.25582": 1, "56.82461,-6.23458": 1, "56.82629,-6.2328": 1, "56.8433,-6.25443": 1, "56.83456,-6.22766": 1, "56.82748,-6.23211": 1, "56.848,-6.223": 1, "56.83922,-6.23344": 2, "56.84341,-6.26345": 1, "56.84039,-6.21749": 1, "56.826,-6.294": 1, "56.836,-6.206": 1, "56.80854,-6.24855": 1, "56.83688,-6.2678": 1, "56.8278,-6.22157": 1, "56.83248,-6.21988": 1, "56.81182,-6.246901": 1, "56.82646,-6.23454": 1, "56.85543,-6.25205": 1, "56.83771,-6.2473": 1, "56.80945,-6.228616": 1, "56.83121,-6.27322": 1, "56.83159,-6.26719": 1, "56.84201,-6.21997": 1, "56.83993,-6.25469": 2, "56.84112,-6.26204": 1, "56.82917,-6.26971": 1, "56.84472,-6.26196": 1, "56.82861,-6.27014": 1, "56.82772,-6.2305": 1, "56.8411,-6.24957": 4, "56.83259,-6.30496": 1, "56.833606,-6.250148": 1, "56.83251,-6.24564": 1, "56.84033,-6.25637": 1, "56.84823,-6.31108": 1, "56.81776428,-6.310782909": 1, "56.85673,-6.3111": 1, "56.85798267,-6.225643158": 2, "56.8672,-6.2134": 1, "56.84015,-6.23781": 1, "56.824,-6.215": 1, "56.8308,-6.2227": 1, "56.84109,-6.21806": 1, "56.84068,-6.25658": 1, "56.82768,-6.22902": 1, "56.82012,-6.22775": 1, "56.84306,-6.22108": 1, "56.86281,-6.20992": 1, "56.84404,-6.22398": 2, "56.83272,-6.22877": 1, "56.85581,-6.23397": 95, "56.83416,-6.2128": 98, "56.84035,-6.24924": 5, "56.83201,-6.223961": 70, "56.83307,-6.213336": 25, "56.83964,-6.278322": 76, "56.82818,-6.273009": 98, "56.85428,-6.23605": 64, "56.82819,-6.217296": 85, "56.82706,-6.240694": 93, "56.83237,-6.277918": 102, "56.81892067,-6.30065918": 1, "56.8602,-6.172929": 53, "56.84856,-6.282969": 30, "56.83175,-6.25983": 1, "56.8238,-6.236717": 127, "56.82547,-6.23304": 1, "56.83015,-6.174316": 1, "56.8521,-6.27355": 3, "56.82792,-6.2297": 1, "56.80772,-6.221883": 1, "56.84969,-6.284592": 62, "56.833,-6.22708": 7, "56.84385,-6.22166": 1, "56.83342,-6.21868": 1, "56.84688,-6.26467": 1, "56.84056,-6.22047": 1, "56.798763,-6.20635": 1, "56.83261,-6.25583": 1, "56.83788,-6.2424": 15, "56.861354,-6.199871": 1, "56.84854,-6.282944": 16, "56.84029,-6.25087": 1, "56.79424,-6.24319": 1, "56.84875,-6.26661": 3, "56.8158,-6.2136": 1, "56.82590485,-6.317450047": 1, "56.841,-6.20375": 1, "56.8316,-6.21544": 1, "56.800278,-6.199444": 1, "56.8348,-6.25353": 1,